country_region_code,country_region,sub_region_1,sub_region_2,metro_area,iso_3166_2_code,census_fips_code,place_id,date,retail_and_recreation_percent_change_from_baseline,grocery_and_pharmacy_percent_change_from_baseline,parks_percent_change_from_baseline,transit_stations_percent_change_from_baseline,workplaces_percent_change_from_baseline,residential_percent_change_from_baseline
country_region_code,United Arab Emirates,,,,,,ChIJvRKrsd9IXj4RpwoIwFYv0zM,15-02-2020,0,4,5,0,2,1
country_region_code,United Arab Emirates,,,,,,ChIJvRKrsd9IXj4RpwoIwFYv0zM,16-02-2020,1,4,4,1,2,1
country_region_code,United Arab Emirates,,,,,,ChIJvRKrsd9IXj4RpwoIwFYv0zM,17-02-2020,-1,1,5,1,2,1
country_region_code,United Arab Emirates,,,,,,ChIJvRKrsd9IXj4RpwoIwFYv0zM,18-02-2020,-2,1,5,0,2,1
country_region_code,United Arab Emirates,,,,,,ChIJvRKrsd9IXj4RpwoIwFYv0zM,19-02-2020,-2,0,4,-1,2,1
country_region_code,United Arab Emirates,,,,,,ChIJvRKrsd9IXj4RpwoIwFYv0zM,20-02-2020,-2,1,6,1,1,1
country_region_code,United Arab Emirates,,,,,,ChIJvRKrsd9IXj4RpwoIwFYv0zM,21-02-2020,-3,2,6,0,-1,1
country_region_code,United Arab Emirates,,,,,,ChIJvRKrsd9IXj4RpwoIwFYv0zM,22-02-2020,-2,2,4,-2,3,1
country_region_code,United Arab Emirates,,,,,,ChIJvRKrsd9IXj4RpwoIwFYv0zM,23-02-2020,-1,3,3,-1,4,1
country_region_code,United Arab Emirates,,,,,,ChIJvRKrsd9IXj4RpwoIwFYv0zM,24-02-2020,-3,0,5,-1,3,1
country_region_code,United Arab Emirates,,,,,,ChIJvRKrsd9IXj4RpwoIwFYv0zM,25-02-2020,-3,2,3,-2,3,1
country_region_code,United Arab Emirates,,,,,,ChIJvRKrsd9IXj4RpwoIwFYv0zM,26-02-2020,-2,1,-3,-2,3,1
country_region_code,United Arab Emirates,,,,,,ChIJvRKrsd9IXj4RpwoIwFYv0zM,27-02-2020,1,5,-1,-1,3,1
country_region_code,United Arab Emirates,,,,,,ChIJvRKrsd9IXj4RpwoIwFYv0zM,28-02-2020,1,5,-1,-1,1,1
country_region_code,United Arab Emirates,,,,,,ChIJvRKrsd9IXj4RpwoIwFYv0zM,29-02-2020,2,7,-1,-1,5,0
country_region_code,United Arab Emirates,,,,,,ChIJvRKrsd9IXj4RpwoIwFYv0zM,01-03-2020,3,10,2,-1,4,1
country_region_code,United Arab Emirates,,,,,,ChIJvRKrsd9IXj4RpwoIwFYv0zM,02-03-2020,0,7,1,-2,4,1
country_region_code,United Arab Emirates,,,,,,ChIJvRKrsd9IXj4RpwoIwFYv0zM,03-03-2020,0,6,0,-5,4,1
country_region_code,United Arab Emirates,,,,,,ChIJvRKrsd9IXj4RpwoIwFYv0zM,04-03-2020,-1,7,-2,-5,3,2
country_region_code,United Arab Emirates,,,,,,ChIJvRKrsd9IXj4RpwoIwFYv0zM,05-03-2020,-3,6,-2,-5,3,2
country_region_code,United Arab Emirates,,,,,,ChIJvRKrsd9IXj4RpwoIwFYv0zM,06-03-2020,-7,5,-8,-9,0,3
country_region_code,United Arab Emirates,,,,,,ChIJvRKrsd9IXj4RpwoIwFYv0zM,07-03-2020,-3,6,1,-8,4,2
country_region_code,United Arab Emirates,,,,,,ChIJvRKrsd9IXj4RpwoIwFYv0zM,08-03-2020,1,8,6,-9,-1,3
country_region_code,United Arab Emirates,,,,,,ChIJvRKrsd9IXj4RpwoIwFYv0zM,09-03-2020,-3,4,4,-10,-1,4
country_region_code,United Arab Emirates,,,,,,ChIJvRKrsd9IXj4RpwoIwFYv0zM,10-03-2020,-4,6,3,-11,-2,4
country_region_code,United Arab Emirates,,,,,,ChIJvRKrsd9IXj4RpwoIwFYv0zM,11-03-2020,-4,5,0,-12,-2,4
country_region_code,United Arab Emirates,,,,,,ChIJvRKrsd9IXj4RpwoIwFYv0zM,12-03-2020,-8,6,-6,-15,-3,5
country_region_code,United Arab Emirates,,,,,,ChIJvRKrsd9IXj4RpwoIwFYv0zM,13-03-2020,-16,3,-15,-20,-2,5
country_region_code,United Arab Emirates,,,,,,ChIJvRKrsd9IXj4RpwoIwFYv0zM,14-03-2020,-12,4,-12,-17,2,4
country_region_code,United Arab Emirates,,,,,,ChIJvRKrsd9IXj4RpwoIwFYv0zM,15-03-2020,-6,11,-11,-15,-4,5
country_region_code,United Arab Emirates,,,,,,ChIJvRKrsd9IXj4RpwoIwFYv0zM,16-03-2020,-11,8,-14,-17,-6,6
country_region_code,United Arab Emirates,,,,,,ChIJvRKrsd9IXj4RpwoIwFYv0zM,17-03-2020,-16,5,-18,-22,-9,7
country_region_code,United Arab Emirates,,,,,,ChIJvRKrsd9IXj4RpwoIwFYv0zM,18-03-2020,-19,2,-19,-25,-11,9
country_region_code,United Arab Emirates,,,,,,ChIJvRKrsd9IXj4RpwoIwFYv0zM,19-03-2020,-24,-1,-26,-31,-12,11
country_region_code,United Arab Emirates,,,,,,ChIJvRKrsd9IXj4RpwoIwFYv0zM,20-03-2020,-37,-11,-45,-44,-12,11
country_region_code,United Arab Emirates,,,,,,ChIJvRKrsd9IXj4RpwoIwFYv0zM,21-03-2020,-32,-12,-37,-42,-8,10
country_region_code,United Arab Emirates,,,,,,ChIJvRKrsd9IXj4RpwoIwFYv0zM,22-03-2020,-30,-13,-36,-45,-17,13
country_region_code,United Arab Emirates,,,,,,ChIJvRKrsd9IXj4RpwoIwFYv0zM,23-03-2020,-27,14,-38,-46,-20,14
country_region_code,United Arab Emirates,,,,,,ChIJvRKrsd9IXj4RpwoIwFYv0zM,24-03-2020,-39,-6,-43,-53,-28,17
country_region_code,United Arab Emirates,,,,,,ChIJvRKrsd9IXj4RpwoIwFYv0zM,25-03-2020,-50,-18,-47,-60,-35,21
country_region_code,United Arab Emirates,,,,,,ChIJvRKrsd9IXj4RpwoIwFYv0zM,26-03-2020,-55,-13,-54,-67,-40,25
country_region_code,United Arab Emirates,,,,,,ChIJvRKrsd9IXj4RpwoIwFYv0zM,27-03-2020,-80,-60,-80,-84,-52,25
country_region_code,United Arab Emirates,,,,,,ChIJvRKrsd9IXj4RpwoIwFYv0zM,28-03-2020,-72,-47,-68,-80,-56,28
country_region_code,United Arab Emirates,,,,,,ChIJvRKrsd9IXj4RpwoIwFYv0zM,29-03-2020,-55,-26,-53,-69,-45,26
country_region_code,United Arab Emirates,,,,,,ChIJvRKrsd9IXj4RpwoIwFYv0zM,30-03-2020,-57,-27,-53,-69,-46,25
country_region_code,United Arab Emirates,,,,,,ChIJvRKrsd9IXj4RpwoIwFYv0zM,31-03-2020,-56,-26,-53,-69,-46,25
country_region_code,United Arab Emirates,,,,,,ChIJvRKrsd9IXj4RpwoIwFYv0zM,01-04-2020,-56,-24,-53,-70,-46,25
country_region_code,United Arab Emirates,,,,,,ChIJvRKrsd9IXj4RpwoIwFYv0zM,02-04-2020,-58,-25,-56,-71,-47,28
country_region_code,United Arab Emirates,,,,,,ChIJvRKrsd9IXj4RpwoIwFYv0zM,03-04-2020,-69,-39,-75,-79,-44,22
country_region_code,United Arab Emirates,,,,,,ChIJvRKrsd9IXj4RpwoIwFYv0zM,04-04-2020,-58,-27,-58,-72,-37,21
country_region_code,United Arab Emirates,,,,,,ChIJvRKrsd9IXj4RpwoIwFYv0zM,05-04-2020,-61,-30,-58,-79,-57,31
country_region_code,United Arab Emirates,,,,,,ChIJvRKrsd9IXj4RpwoIwFYv0zM,06-04-2020,-63,-32,-58,-78,-56,30
country_region_code,United Arab Emirates,,,,,,ChIJvRKrsd9IXj4RpwoIwFYv0zM,07-04-2020,-63,-30,-73,-78,-55,30
country_region_code,United Arab Emirates,,,,,,ChIJvRKrsd9IXj4RpwoIwFYv0zM,08-04-2020,-63,-30,-74,-78,-55,30
country_region_code,United Arab Emirates,,,,,,ChIJvRKrsd9IXj4RpwoIwFYv0zM,09-04-2020,-64,-31,-76,-79,-55,33
country_region_code,United Arab Emirates,,,,,,ChIJvRKrsd9IXj4RpwoIwFYv0zM,10-04-2020,-74,-46,-86,-84,-49,23
country_region_code,United Arab Emirates,,,,,,ChIJvRKrsd9IXj4RpwoIwFYv0zM,11-04-2020,-64,-32,-77,-79,-45,24
country_region_code,United Arab Emirates,,,,,,ChIJvRKrsd9IXj4RpwoIwFYv0zM,12-04-2020,-60,-28,-74,-79,-55,30
country_region_code,United Arab Emirates,,,,,,ChIJvRKrsd9IXj4RpwoIwFYv0zM,13-04-2020,-62,-30,-73,-78,-55,30
country_region_code,United Arab Emirates,,,,,,ChIJvRKrsd9IXj4RpwoIwFYv0zM,14-04-2020,-62,-31,-74,-78,-55,30
country_region_code,United Arab Emirates,,,,,,ChIJvRKrsd9IXj4RpwoIwFYv0zM,15-04-2020,-63,-32,-74,-78,-56,31
country_region_code,United Arab Emirates,,,,,,ChIJvRKrsd9IXj4RpwoIwFYv0zM,16-04-2020,-63,-32,-74,-79,-55,34
country_region_code,United Arab Emirates,,,,,,ChIJvRKrsd9IXj4RpwoIwFYv0zM,17-04-2020,-73,-45,-85,-84,-48,23
country_region_code,United Arab Emirates,,,,,,ChIJvRKrsd9IXj4RpwoIwFYv0zM,18-04-2020,-66,-39,-78,-78,-45,24
country_region_code,United Arab Emirates,,,,,,ChIJvRKrsd9IXj4RpwoIwFYv0zM,19-04-2020,-62,-35,-74,-78,-54,30
country_region_code,United Arab Emirates,,,,,,ChIJvRKrsd9IXj4RpwoIwFYv0zM,20-04-2020,-63,-37,-74,-78,-55,30
country_region_code,United Arab Emirates,,,,,,ChIJvRKrsd9IXj4RpwoIwFYv0zM,21-04-2020,-63,-35,-74,-78,-55,30
country_region_code,United Arab Emirates,,,,,,ChIJvRKrsd9IXj4RpwoIwFYv0zM,22-04-2020,-62,-33,-75,-77,-55,30
country_region_code,United Arab Emirates,,,,,,ChIJvRKrsd9IXj4RpwoIwFYv0zM,23-04-2020,-62,-29,-76,-77,-55,32
country_region_code,United Arab Emirates,,,,,,ChIJvRKrsd9IXj4RpwoIwFYv0zM,24-04-2020,-72,-40,-86,-80,-47,24
country_region_code,United Arab Emirates,,,,,,ChIJvRKrsd9IXj4RpwoIwFYv0zM,25-04-2020,-62,-32,-77,-74,-41,25
country_region_code,United Arab Emirates,,,,,,ChIJvRKrsd9IXj4RpwoIwFYv0zM,26-04-2020,-56,-26,-73,-69,-49,30
country_region_code,United Arab Emirates,,,,,,ChIJvRKrsd9IXj4RpwoIwFYv0zM,27-04-2020,-57,-28,-73,-68,-48,30
country_region_code,United Arab Emirates,,,,,,ChIJvRKrsd9IXj4RpwoIwFYv0zM,28-04-2020,-56,-26,-72,-67,-48,28
country_region_code,United Arab Emirates,,,,,,ChIJvRKrsd9IXj4RpwoIwFYv0zM,29-04-2020,-55,-24,-72,-67,-47,29
country_region_code,United Arab Emirates,,,,,,ChIJvRKrsd9IXj4RpwoIwFYv0zM,30-04-2020,-57,-26,-71,-66,-47,31
country_region_code,United Arab Emirates,,,,,,ChIJvRKrsd9IXj4RpwoIwFYv0zM,01-05-2020,-66,-36,-83,-73,-41,22
country_region_code,United Arab Emirates,,,,,,ChIJvRKrsd9IXj4RpwoIwFYv0zM,02-05-2020,-56,-26,-72,-66,-34,22
country_region_code,United Arab Emirates,,,,,,ChIJvRKrsd9IXj4RpwoIwFYv0zM,03-05-2020,-51,-22,-68,-65,-45,27
country_region_code,United Arab Emirates,,,,,,ChIJvRKrsd9IXj4RpwoIwFYv0zM,04-05-2020,-52,-24,-68,-65,-45,28
country_region_code,United Arab Emirates,,,,,,ChIJvRKrsd9IXj4RpwoIwFYv0zM,05-05-2020,-53,-23,-68,-64,-45,27
country_region_code,United Arab Emirates,,,,,,ChIJvRKrsd9IXj4RpwoIwFYv0zM,06-05-2020,-51,-20,-67,-62,-44,28
country_region_code,United Arab Emirates,,,,,,ChIJvRKrsd9IXj4RpwoIwFYv0zM,07-05-2020,-53,-23,-68,-63,-44,30
country_region_code,United Arab Emirates,,,,,,ChIJvRKrsd9IXj4RpwoIwFYv0zM,08-05-2020,-63,-35,-81,-72,-38,21
country_region_code,United Arab Emirates,,,,,,ChIJvRKrsd9IXj4RpwoIwFYv0zM,09-05-2020,-53,-25,-70,-63,-31,22
country_region_code,United Arab Emirates,,,,,,ChIJvRKrsd9IXj4RpwoIwFYv0zM,10-05-2020,-48,-19,-66,-61,-42,27
country_region_code,United Arab Emirates,,,,,,ChIJvRKrsd9IXj4RpwoIwFYv0zM,11-05-2020,-51,-22,-66,-61,-43,28
country_region_code,United Arab Emirates,,,,,,ChIJvRKrsd9IXj4RpwoIwFYv0zM,12-05-2020,-50,-20,-66,-61,-43,28
country_region_code,United Arab Emirates,,,,,,ChIJvRKrsd9IXj4RpwoIwFYv0zM,13-05-2020,-51,-21,-66,-61,-43,28
country_region_code,United Arab Emirates,,,,,,ChIJvRKrsd9IXj4RpwoIwFYv0zM,14-05-2020,-53,-20,-67,-61,-43,29
country_region_code,United Arab Emirates,,,,,,ChIJvRKrsd9IXj4RpwoIwFYv0zM,15-05-2020,-62,-32,-80,-70,-35,21
country_region_code,United Arab Emirates,,,,,,ChIJvRKrsd9IXj4RpwoIwFYv0zM,16-05-2020,-51,-21,-68,-61,-29,21
country_region_code,United Arab Emirates,,,,,,ChIJvRKrsd9IXj4RpwoIwFYv0zM,17-05-2020,-47,-16,-64,-60,-41,27
country_region_code,United Arab Emirates,,,,,,ChIJvRKrsd9IXj4RpwoIwFYv0zM,18-05-2020,-48,-18,-64,-59,-42,27
country_region_code,United Arab Emirates,,,,,,ChIJvRKrsd9IXj4RpwoIwFYv0zM,19-05-2020,-49,-19,-65,-60,-42,27
country_region_code,United Arab Emirates,,,,,,ChIJvRKrsd9IXj4RpwoIwFYv0zM,20-05-2020,-53,-22,-67,-61,-44,28
country_region_code,United Arab Emirates,,,,,,ChIJvRKrsd9IXj4RpwoIwFYv0zM,21-05-2020,-53,-20,-69,-61,-43,30
country_region_code,United Arab Emirates,,,,,,ChIJvRKrsd9IXj4RpwoIwFYv0zM,22-05-2020,-59,-27,-81,-69,-33,21
country_region_code,United Arab Emirates,,,,,,ChIJvRKrsd9IXj4RpwoIwFYv0zM,23-05-2020,-52,-17,-73,-66,-47,25
country_region_code,United Arab Emirates,,,,,,ChIJvRKrsd9IXj4RpwoIwFYv0zM,24-05-2020,-56,-31,-68,-72,-77,36
country_region_code,United Arab Emirates,,,,,,ChIJvRKrsd9IXj4RpwoIwFYv0zM,25-05-2020,-52,-23,-65,-69,-73,34
country_region_code,United Arab Emirates,,,,,,ChIJvRKrsd9IXj4RpwoIwFYv0zM,26-05-2020,-50,-23,-66,-66,-63,31
country_region_code,United Arab Emirates,,,,,,ChIJvRKrsd9IXj4RpwoIwFYv0zM,27-05-2020,-44,-18,-63,-55,-38,23
country_region_code,United Arab Emirates,,,,,,ChIJvRKrsd9IXj4RpwoIwFYv0zM,28-05-2020,-46,-19,-64,-56,-37,25
country_region_code,United Arab Emirates,,,,,,ChIJvRKrsd9IXj4RpwoIwFYv0zM,29-05-2020,-55,-29,-73,-64,-29,19
country_region_code,United Arab Emirates,,,,,,ChIJvRKrsd9IXj4RpwoIwFYv0zM,30-05-2020,-42,-17,-62,-55,-20,16
country_region_code,United Arab Emirates,,,,,,ChIJvRKrsd9IXj4RpwoIwFYv0zM,31-05-2020,-35,-9,-58,-52,-32,20
country_region_code,United Arab Emirates,,,,,,ChIJvRKrsd9IXj4RpwoIwFYv0zM,01-06-2020,-37,-10,-57,-51,-32,20
country_region_code,United Arab Emirates,,,,,,ChIJvRKrsd9IXj4RpwoIwFYv0zM,02-06-2020,-38,-12,-58,-52,-32,21
country_region_code,United Arab Emirates,,,,,,ChIJvRKrsd9IXj4RpwoIwFYv0zM,03-06-2020,-38,-12,-57,-51,-32,21
country_region_code,United Arab Emirates,,,,,,ChIJvRKrsd9IXj4RpwoIwFYv0zM,04-06-2020,-41,-14,-60,-52,-31,23
country_region_code,United Arab Emirates,,,,,,ChIJvRKrsd9IXj4RpwoIwFYv0zM,05-06-2020,-49,-23,-68,-61,-26,17
country_region_code,United Arab Emirates,,,,,,ChIJvRKrsd9IXj4RpwoIwFYv0zM,06-06-2020,-39,-15,-60,-54,-18,16
country_region_code,United Arab Emirates,,,,,,ChIJvRKrsd9IXj4RpwoIwFYv0zM,07-06-2020,-35,-9,-56,-51,-30,20
country_region_code,United Arab Emirates,,,,,,ChIJvRKrsd9IXj4RpwoIwFYv0zM,08-06-2020,-37,-13,-56,-50,-29,20
country_region_code,United Arab Emirates,,,,,,ChIJvRKrsd9IXj4RpwoIwFYv0zM,09-06-2020,-39,-14,-57,-52,-29,20
AE,United Arab Emirates,,,,,,ChIJvRKrsd9IXj4RpwoIwFYv0zM,10-06-2020,-38,-13,-56,-52,-30,20
AE,United Arab Emirates,,,,,,ChIJvRKrsd9IXj4RpwoIwFYv0zM,11-06-2020,-40,-13,-57,-52,-29,22
AE,United Arab Emirates,,,,,,ChIJvRKrsd9IXj4RpwoIwFYv0zM,12-06-2020,-48,-23,-66,-60,-23,16
AE,United Arab Emirates,,,,,,ChIJvRKrsd9IXj4RpwoIwFYv0zM,13-06-2020,-38,-15,-57,-53,-16,15
AE,United Arab Emirates,,,,,,ChIJvRKrsd9IXj4RpwoIwFYv0zM,14-06-2020,-34,-10,-54,-50,-28,19
AE,United Arab Emirates,,,,,,ChIJvRKrsd9IXj4RpwoIwFYv0zM,15-06-2020,-36,-13,-53,-50,-27,19
AE,United Arab Emirates,,,,,,ChIJvRKrsd9IXj4RpwoIwFYv0zM,16-06-2020,-36,-12,-53,-50,-27,19
AE,United Arab Emirates,,,,,,ChIJvRKrsd9IXj4RpwoIwFYv0zM,17-06-2020,-37,-12,-54,-50,-27,19
AE,United Arab Emirates,,,,,,ChIJvRKrsd9IXj4RpwoIwFYv0zM,18-06-2020,-39,-14,-56,-51,-27,20
AE,United Arab Emirates,,,,,,ChIJvRKrsd9IXj4RpwoIwFYv0zM,19-06-2020,-46,-22,-66,-58,-21,16
AE,United Arab Emirates,,,,,,ChIJvRKrsd9IXj4RpwoIwFYv0zM,20-06-2020,-37,-15,-57,-52,-15,14
AE,United Arab Emirates,,,,,,ChIJvRKrsd9IXj4RpwoIwFYv0zM,21-06-2020,-33,-11,-52,-50,-27,18
AE,United Arab Emirates,,,,,,ChIJvRKrsd9IXj4RpwoIwFYv0zM,22-06-2020,-35,-13,-51,-48,-27,18
AE,United Arab Emirates,,,,,,ChIJvRKrsd9IXj4RpwoIwFYv0zM,23-06-2020,-34,-12,-51,-48,-27,18
AE,United Arab Emirates,,,,,,ChIJvRKrsd9IXj4RpwoIwFYv0zM,24-06-2020,-35,-12,-52,-48,-26,18
AE,United Arab Emirates,,,,,,ChIJvRKrsd9IXj4RpwoIwFYv0zM,25-06-2020,-33,-10,-53,-47,-25,19
AE,United Arab Emirates,,,,,,ChIJvRKrsd9IXj4RpwoIwFYv0zM,26-06-2020,-40,-18,-62,-54,-18,14
AE,United Arab Emirates,,,,,,ChIJvRKrsd9IXj4RpwoIwFYv0zM,27-06-2020,-32,-11,-55,-48,-14,13
AE,United Arab Emirates,,,,,,ChIJvRKrsd9IXj4RpwoIwFYv0zM,28-06-2020,-28,-7,-51,-47,-24,16
AE,United Arab Emirates,,,,,,ChIJvRKrsd9IXj4RpwoIwFYv0zM,29-06-2020,-29,-8,-49,-46,-24,16
AE,United Arab Emirates,,,,,,ChIJvRKrsd9IXj4RpwoIwFYv0zM,30-06-2020,-28,-6,-46,-47,-24,15
AE,United Arab Emirates,,,,,,ChIJvRKrsd9IXj4RpwoIwFYv0zM,01-07-2020,-28,-6,-47,-47,-24,15
AE,United Arab Emirates,,,,,,ChIJvRKrsd9IXj4RpwoIwFYv0zM,02-07-2020,-29,-5,-48,-47,-24,17
AE,United Arab Emirates,,,,,,ChIJvRKrsd9IXj4RpwoIwFYv0zM,03-07-2020,-36,-14,-58,-54,-17,13
AE,United Arab Emirates,,,,,,ChIJvRKrsd9IXj4RpwoIwFYv0zM,04-07-2020,-29,-8,-50,-49,-12,11
AE,United Arab Emirates,,,,,,ChIJvRKrsd9IXj4RpwoIwFYv0zM,05-07-2020,-24,-3,-45,-47,-24,14
AE,United Arab Emirates,,,,,,ChIJvRKrsd9IXj4RpwoIwFYv0zM,06-07-2020,-27,-6,-45,-46,-23,15
AE,United Arab Emirates,,,,,,ChIJvRKrsd9IXj4RpwoIwFYv0zM,07-07-2020,-27,-5,-45,-45,-24,15
AE,United Arab Emirates,,,,,,ChIJvRKrsd9IXj4RpwoIwFYv0zM,08-07-2020,-29,-8,-46,-47,-23,15
AE,United Arab Emirates,,,,,,ChIJvRKrsd9IXj4RpwoIwFYv0zM,09-07-2020,-29,-7,-48,-46,-24,16
AE,United Arab Emirates,,,,,,ChIJvRKrsd9IXj4RpwoIwFYv0zM,10-07-2020,-35,-14,-58,-54,-15,12
AE,United Arab Emirates,,,,,,ChIJvRKrsd9IXj4RpwoIwFYv0zM,11-07-2020,-28,-8,-50,-49,-11,11
AE,United Arab Emirates,,,,,,ChIJvRKrsd9IXj4RpwoIwFYv0zM,12-07-2020,-24,-4,-44,-45,-23,14
AE,United Arab Emirates,,,,,,ChIJvRKrsd9IXj4RpwoIwFYv0zM,13-07-2020,-26,-7,-45,-45,-23,14
AE,United Arab Emirates,,,,,,ChIJvRKrsd9IXj4RpwoIwFYv0zM,14-07-2020,-27,-7,-45,-46,-24,14
AE,United Arab Emirates,,,,,,ChIJvRKrsd9IXj4RpwoIwFYv0zM,15-07-2020,-26,-7,-43,-46,-23,14
AE,United Arab Emirates,,,,,,ChIJvRKrsd9IXj4RpwoIwFYv0zM,16-07-2020,-28,-6,-46,-46,-22,15
AE,United Arab Emirates,,,,,,ChIJvRKrsd9IXj4RpwoIwFYv0zM,17-07-2020,-34,-14,-56,-54,-15,12
AE,United Arab Emirates,,,,,,ChIJvRKrsd9IXj4RpwoIwFYv0zM,18-07-2020,-28,-9,-48,-49,-11,11
AE,United Arab Emirates,,,,,,ChIJvRKrsd9IXj4RpwoIwFYv0zM,19-07-2020,-23,-4,-42,-45,-22,13
AE,United Arab Emirates,,,,,,ChIJvRKrsd9IXj4RpwoIwFYv0zM,20-07-2020,-25,-7,-42,-45,-22,13
AE,United Arab Emirates,,,,,,ChIJvRKrsd9IXj4RpwoIwFYv0zM,21-07-2020,-27,-9,-44,-46,-23,13
AE,United Arab Emirates,,,,,,ChIJvRKrsd9IXj4RpwoIwFYv0zM,22-07-2020,-27,-9,-44,-45,-22,13
AE,United Arab Emirates,,,,,,ChIJvRKrsd9IXj4RpwoIwFYv0zM,23-07-2020,-27,-7,-45,-45,-22,14
AE,United Arab Emirates,,,,,,ChIJvRKrsd9IXj4RpwoIwFYv0zM,24-07-2020,-33,-15,-55,-52,-13,12
AE,United Arab Emirates,,,,,,ChIJvRKrsd9IXj4RpwoIwFYv0zM,25-07-2020,-25,-8,-46,-46,-11,10
AE,United Arab Emirates,,,,,,ChIJvRKrsd9IXj4RpwoIwFYv0zM,26-07-2020,-21,-3,-41,-43,-22,12
AE,United Arab Emirates,,,,,,ChIJvRKrsd9IXj4RpwoIwFYv0zM,27-07-2020,-21,-3,-41,-43,-22,12
AE,United Arab Emirates,,,,,,ChIJvRKrsd9IXj4RpwoIwFYv0zM,28-07-2020,-19,0,-42,-43,-22,11
AE,United Arab Emirates,,,,,,ChIJvRKrsd9IXj4RpwoIwFYv0zM,29-07-2020,-12,11,-39,-39,-22,9
AE,United Arab Emirates,,,,,,ChIJvRKrsd9IXj4RpwoIwFYv0zM,30-07-2020,-21,13,-46,-51,-58,26
AE,United Arab Emirates,,,,,,ChIJvRKrsd9IXj4RpwoIwFYv0zM,31-07-2020,-31,-15,-46,-47,-22,9
AE,United Arab Emirates,,,,,,ChIJvRKrsd9IXj4RpwoIwFYv0zM,01-08-2020,-22,-6,-29,-49,-53,17
AE,United Arab Emirates,,,,,,ChIJvRKrsd9IXj4RpwoIwFYv0zM,02-08-2020,-15,5,-34,-53,-59,22
AE,United Arab Emirates,,,,,,ChIJvRKrsd9IXj4RpwoIwFYv0zM,03-08-2020,-22,-4,-41,-43,-23,12
AE,United Arab Emirates,,,,,,ChIJvRKrsd9IXj4RpwoIwFYv0zM,04-08-2020,-22,-4,-42,-42,-23,12
AE,United Arab Emirates,,,,,,ChIJvRKrsd9IXj4RpwoIwFYv0zM,05-08-2020,-22,-4,-42,-41,-22,12
AE,United Arab Emirates,,,,,,ChIJvRKrsd9IXj4RpwoIwFYv0zM,06-08-2020,-24,-6,-45,-42,-22,13
AE,United Arab Emirates,,,,,,ChIJvRKrsd9IXj4RpwoIwFYv0zM,07-08-2020,-33,-15,-57,-51,-14,11
AE,United Arab Emirates,,,,,,ChIJvRKrsd9IXj4RpwoIwFYv0zM,08-08-2020,-24,-7,-45,-44,-12,9
AE,United Arab Emirates,,,,,,ChIJvRKrsd9IXj4RpwoIwFYv0zM,09-08-2020,-18,-1,-38,-41,-21,11
AE,United Arab Emirates,,,,,,ChIJvRKrsd9IXj4RpwoIwFYv0zM,10-08-2020,-21,-5,-39,-40,-22,11
AE,United Arab Emirates,,,,,,ChIJvRKrsd9IXj4RpwoIwFYv0zM,11-08-2020,-23,-6,-41,-43,-22,11
AE,United Arab Emirates,,,,,,ChIJvRKrsd9IXj4RpwoIwFYv0zM,12-08-2020,-22,-6,-41,-43,-22,11
AE,United Arab Emirates,,,,,,ChIJvRKrsd9IXj4RpwoIwFYv0zM,13-08-2020,-23,-5,-42,-42,-22,12
AE,United Arab Emirates,,,,,,ChIJvRKrsd9IXj4RpwoIwFYv0zM,14-08-2020,-30,-12,-53,-49,-14,10
AE,United Arab Emirates,,,,,,ChIJvRKrsd9IXj4RpwoIwFYv0zM,15-08-2020,-24,-7,-45,-43,-12,8
AE,United Arab Emirates,,,,,,ChIJvRKrsd9IXj4RpwoIwFYv0zM,16-08-2020,-19,-3,-39,-42,-22,10
AE,United Arab Emirates,,,,,,ChIJvRKrsd9IXj4RpwoIwFYv0zM,17-08-2020,-22,-6,-40,-42,-22,11
AE,United Arab Emirates,,,,,,ChIJvRKrsd9IXj4RpwoIwFYv0zM,18-08-2020,-23,-7,-42,-42,-21,11
AE,United Arab Emirates,,,,,,ChIJvRKrsd9IXj4RpwoIwFYv0zM,19-08-2020,-23,-7,-42,-42,-21,11
AE,United Arab Emirates,,,,,,ChIJvRKrsd9IXj4RpwoIwFYv0zM,20-08-2020,-26,-9,-45,-43,-22,12
AE,United Arab Emirates,,,,,,ChIJvRKrsd9IXj4RpwoIwFYv0zM,21-08-2020,-33,-16,-56,-50,-14,10
AE,United Arab Emirates,,,,,,ChIJvRKrsd9IXj4RpwoIwFYv0zM,22-08-2020,-23,-9,-43,-44,-15,8
AE,United Arab Emirates,,,,,,ChIJvRKrsd9IXj4RpwoIwFYv0zM,23-08-2020,-19,1,-37,-53,-58,22
AE,United Arab Emirates,,,,,,ChIJvRKrsd9IXj4RpwoIwFYv0zM,24-08-2020,-25,-10,-42,-42,-20,10
AE,United Arab Emirates,,,,,,ChIJvRKrsd9IXj4RpwoIwFYv0zM,25-08-2020,-24,-8,-41,-41,-21,10
AE,United Arab Emirates,,,,,,ChIJvRKrsd9IXj4RpwoIwFYv0zM,26-08-2020,-23,-7,-41,-41,-20,10
AE,United Arab Emirates,,,,,,ChIJvRKrsd9IXj4RpwoIwFYv0zM,27-08-2020,-22,-5,-42,-41,-20,11
AE,United Arab Emirates,,,,,,ChIJvRKrsd9IXj4RpwoIwFYv0zM,28-08-2020,-30,-11,-55,-47,-13,10
AE,United Arab Emirates,,,,,,ChIJvRKrsd9IXj4RpwoIwFYv0zM,29-08-2020,-23,-5,-46,-42,-11,8
AE,United Arab Emirates,,,,,,ChIJvRKrsd9IXj4RpwoIwFYv0zM,30-08-2020,-18,2,-38,-40,-21,9
AE,United Arab Emirates,,,,,,ChIJvRKrsd9IXj4RpwoIwFYv0zM,31-08-2020,-21,-3,-40,-41,-22,10
AE,United Arab Emirates,,,,,,ChIJvRKrsd9IXj4RpwoIwFYv0zM,01-09-2020,-22,-3,-40,-40,-21,10
AE,United Arab Emirates,,,,,,ChIJvRKrsd9IXj4RpwoIwFYv0zM,02-09-2020,-22,-4,-40,-41,-21,10
AE,United Arab Emirates,,,,,,ChIJvRKrsd9IXj4RpwoIwFYv0zM,03-09-2020,-22,-3,-40,-41,-21,10
AE,United Arab Emirates,,,,,,ChIJvRKrsd9IXj4RpwoIwFYv0zM,04-09-2020,-27,-8,-50,-45,-15,9
AE,United Arab Emirates,,,,,,ChIJvRKrsd9IXj4RpwoIwFYv0zM,05-09-2020,-21,-3,-42,-42,-13,7
AE,United Arab Emirates,,,,,,ChIJvRKrsd9IXj4RpwoIwFYv0zM,06-09-2020,-18,1,-35,-39,-21,9
AE,United Arab Emirates,,,,,,ChIJvRKrsd9IXj4RpwoIwFYv0zM,07-09-2020,-21,-3,-38,-40,-21,10
AE,United Arab Emirates,,,,,,ChIJvRKrsd9IXj4RpwoIwFYv0zM,08-09-2020,-21,-3,-38,-40,-22,10
AE,United Arab Emirates,,,,,,ChIJvRKrsd9IXj4RpwoIwFYv0zM,09-09-2020,-23,-5,-39,-41,-21,9
AE,United Arab Emirates,,,,,,ChIJvRKrsd9IXj4RpwoIwFYv0zM,10-09-2020,-21,-3,-38,-38,-21,10
AE,United Arab Emirates,,,,,,ChIJvRKrsd9IXj4RpwoIwFYv0zM,11-09-2020,-27,-8,-48,-45,-16,9
AE,United Arab Emirates,,,,,,ChIJvRKrsd9IXj4RpwoIwFYv0zM,12-09-2020,-22,-3,-39,-42,-13,7
AE,United Arab Emirates,,,,,,ChIJvRKrsd9IXj4RpwoIwFYv0zM,13-09-2020,-19,0,-32,-39,-20,9
AE,United Arab Emirates,,,,,,ChIJvRKrsd9IXj4RpwoIwFYv0zM,14-09-2020,-22,-4,-36,-40,-19,10
AE,United Arab Emirates,,,,,,ChIJvRKrsd9IXj4RpwoIwFYv0zM,15-09-2020,-22,-4,-36,-40,-19,10
AE,United Arab Emirates,,,,,,ChIJvRKrsd9IXj4RpwoIwFYv0zM,16-09-2020,-22,-5,-36,-40,-20,10
AE,United Arab Emirates,,,,,,ChIJvRKrsd9IXj4RpwoIwFYv0zM,17-09-2020,-23,-5,-38,-41,-21,11
AE,United Arab Emirates,,,,,,ChIJvRKrsd9IXj4RpwoIwFYv0zM,18-09-2020,-28,-11,-47,-46,-15,10
AE,United Arab Emirates,,,,,,ChIJvRKrsd9IXj4RpwoIwFYv0zM,19-09-2020,-23,-7,-40,-43,-13,8
AE,United Arab Emirates,,,,,,ChIJvRKrsd9IXj4RpwoIwFYv0zM,20-09-2020,-21,-4,-35,-40,-19,10
AE,United Arab Emirates,,,,,,ChIJvRKrsd9IXj4RpwoIwFYv0zM,21-09-2020,-24,-7,-38,-41,-21,10
AE,United Arab Emirates,,,,,,ChIJvRKrsd9IXj4RpwoIwFYv0zM,22-09-2020,-26,-8,-41,-42,-20,10
AE,United Arab Emirates,,,,,,ChIJvRKrsd9IXj4RpwoIwFYv0zM,23-09-2020,-27,-9,-44,-43,-20,11
AE,United Arab Emirates,,,,,,ChIJvRKrsd9IXj4RpwoIwFYv0zM,24-09-2020,-26,-8,-43,-43,-20,12
AE,United Arab Emirates,,,,,,ChIJvRKrsd9IXj4RpwoIwFYv0zM,25-09-2020,-31,-12,-49,-47,-15,10
AE,United Arab Emirates,,,,,,ChIJvRKrsd9IXj4RpwoIwFYv0zM,26-09-2020,-26,-7,-45,-43,-12,8
AE,United Arab Emirates,,,,,,ChIJvRKrsd9IXj4RpwoIwFYv0zM,27-09-2020,-22,-3,-41,-40,-19,10
AE,United Arab Emirates,,,,,,ChIJvRKrsd9IXj4RpwoIwFYv0zM,28-09-2020,-25,-7,-44,-41,-19,11
AE,United Arab Emirates,,,,,,ChIJvRKrsd9IXj4RpwoIwFYv0zM,29-09-2020,-24,-5,-42,-40,-19,10
AE,United Arab Emirates,,,,,,ChIJvRKrsd9IXj4RpwoIwFYv0zM,30-09-2020,-23,-2,-41,-38,-20,9
AE,United Arab Emirates,,,,,,ChIJvRKrsd9IXj4RpwoIwFYv0zM,01-10-2020,-22,0,-38,-38,-20,9
AE,United Arab Emirates,,,,,,ChIJvRKrsd9IXj4RpwoIwFYv0zM,02-10-2020,-26,-5,-44,-40,-16,8
AE,United Arab Emirates,,,,,,ChIJvRKrsd9IXj4RpwoIwFYv0zM,03-10-2020,-22,-1,-40,-38,-14,6
AE,United Arab Emirates,,,,,,ChIJvRKrsd9IXj4RpwoIwFYv0zM,04-10-2020,-20,1,-34,-35,-20,8
AE,United Arab Emirates,,,,,,ChIJvRKrsd9IXj4RpwoIwFYv0zM,05-10-2020,-23,-3,-38,-38,-21,9
AE,United Arab Emirates,,,,,,ChIJvRKrsd9IXj4RpwoIwFYv0zM,06-10-2020,-23,-3,-38,-38,-21,8
AE,United Arab Emirates,,,,,,ChIJvRKrsd9IXj4RpwoIwFYv0zM,07-10-2020,-24,-3,-38,-38,-20,9
AE,United Arab Emirates,,,,,,ChIJvRKrsd9IXj4RpwoIwFYv0zM,08-10-2020,-23,-2,-36,-37,-19,10
AE,United Arab Emirates,,,,,,ChIJvRKrsd9IXj4RpwoIwFYv0zM,09-10-2020,-27,-7,-41,-42,-15,8
AE,United Arab Emirates,,,,,,ChIJvRKrsd9IXj4RpwoIwFYv0zM,10-10-2020,-24,-5,-37,-39,-12,8
AE,United Arab Emirates,,,,,,ChIJvRKrsd9IXj4RpwoIwFYv0zM,11-10-2020,-21,0,-32,-37,-18,10
AE,United Arab Emirates,,,,,,ChIJvRKrsd9IXj4RpwoIwFYv0zM,12-10-2020,-24,-4,-34,-38,-19,10
AE,United Arab Emirates,,,,,,ChIJvRKrsd9IXj4RpwoIwFYv0zM,13-10-2020,-24,-3,-34,-38,-19,10
AE,United Arab Emirates,,,,,,ChIJvRKrsd9IXj4RpwoIwFYv0zM,14-10-2020,-23,-3,-36,-37,-19,10
AE,United Arab Emirates,,,,,,ChIJvRKrsd9IXj4RpwoIwFYv0zM,15-10-2020,-22,-1,-34,-35,-19,10
AE,United Arab Emirates,,,,,,ChIJvRKrsd9IXj4RpwoIwFYv0zM,16-10-2020,-26,-5,-36,-40,-15,9
AE,United Arab Emirates,,,,,,ChIJvRKrsd9IXj4RpwoIwFYv0zM,17-10-2020,-23,-4,-36,-38,-12,8
AE,United Arab Emirates,,,,,,ChIJvRKrsd9IXj4RpwoIwFYv0zM,18-10-2020,-20,-1,-32,-36,-20,10
AE,United Arab Emirates,,,,,,ChIJvRKrsd9IXj4RpwoIwFYv0zM,19-10-2020,-23,-4,-35,-36,-20,10
AE,United Arab Emirates,,,,,,ChIJvRKrsd9IXj4RpwoIwFYv0zM,20-10-2020,-23,-5,-33,-37,-20,10
AE,United Arab Emirates,,,,,,ChIJvRKrsd9IXj4RpwoIwFYv0zM,21-10-2020,-22,-3,-31,-37,-20,10
AE,United Arab Emirates,,,,,,ChIJvRKrsd9IXj4RpwoIwFYv0zM,22-10-2020,-21,-1,-25,-35,-19,10
AE,United Arab Emirates,,,,,,ChIJvRKrsd9IXj4RpwoIwFYv0zM,23-10-2020,-26,-5,-28,-40,-14,8
AE,United Arab Emirates,,,,,,ChIJvRKrsd9IXj4RpwoIwFYv0zM,24-10-2020,-23,-4,-29,-38,-11,7
AE,United Arab Emirates,,,,,,ChIJvRKrsd9IXj4RpwoIwFYv0zM,25-10-2020,-18,1,-25,-35,-18,9
AE,United Arab Emirates,,,,,,ChIJvRKrsd9IXj4RpwoIwFYv0zM,26-10-2020,-20,-1,-28,-35,-18,9
AE,United Arab Emirates,,,,,,ChIJvRKrsd9IXj4RpwoIwFYv0zM,27-10-2020,-19,0,-28,-35,-19,9
AE,United Arab Emirates,,,,,,ChIJvRKrsd9IXj4RpwoIwFYv0zM,28-10-2020,-13,7,-24,-32,-18,6
AE,United Arab Emirates,,,,,,ChIJvRKrsd9IXj4RpwoIwFYv0zM,29-10-2020,-15,8,-4,-45,-59,20
AE,United Arab Emirates,,,,,,ChIJvRKrsd9IXj4RpwoIwFYv0zM,30-10-2020,-24,-7,-24,-40,-16,6
AE,United Arab Emirates,,,,,,ChIJvRKrsd9IXj4RpwoIwFYv0zM,31-10-2020,-22,-4,-30,-39,-12,6
AE,United Arab Emirates,,,,,,ChIJvRKrsd9IXj4RpwoIwFYv0zM,01-11-2020,-17,3,-27,-35,-18,8
AE,United Arab Emirates,,,,,,ChIJvRKrsd9IXj4RpwoIwFYv0zM,02-11-2020,-19,0,-31,-36,-19,9
AE,United Arab Emirates,,,,,,ChIJvRKrsd9IXj4RpwoIwFYv0zM,03-11-2020,-19,0,-30,-36,-19,9
AE,United Arab Emirates,,,,,,ChIJvRKrsd9IXj4RpwoIwFYv0zM,04-11-2020,-20,-1,-31,-36,-19,9
AE,United Arab Emirates,,,,,,ChIJvRKrsd9IXj4RpwoIwFYv0zM,05-11-2020,-20,0,-29,-35,-19,9
AE,United Arab Emirates,,,,,,ChIJvRKrsd9IXj4RpwoIwFYv0zM,06-11-2020,-23,-4,-28,-38,-15,7
AE,United Arab Emirates,,,,,,ChIJvRKrsd9IXj4RpwoIwFYv0zM,07-11-2020,-20,-3,-30,-38,-12,7
AE,United Arab Emirates,,,,,,ChIJvRKrsd9IXj4RpwoIwFYv0zM,08-11-2020,-18,0,-28,-35,-18,9
AE,United Arab Emirates,,,,,,ChIJvRKrsd9IXj4RpwoIwFYv0zM,09-11-2020,-20,-2,-32,-36,-19,9
AE,United Arab Emirates,,,,,,ChIJvRKrsd9IXj4RpwoIwFYv0zM,10-11-2020,-20,-2,-32,-36,-19,9
AE,United Arab Emirates,,,,,,ChIJvRKrsd9IXj4RpwoIwFYv0zM,11-11-2020,-19,0,-31,-35,-19,9
AE,United Arab Emirates,,,,,,ChIJvRKrsd9IXj4RpwoIwFYv0zM,12-11-2020,-18,1,-28,-34,-19,9
AE,United Arab Emirates,,,,,,ChIJvRKrsd9IXj4RpwoIwFYv0zM,13-11-2020,-21,0,-26,-37,-13,6
AE,United Arab Emirates,,,,,,ChIJvRKrsd9IXj4RpwoIwFYv0zM,14-11-2020,-18,-1,-28,-37,-13,7
AE,United Arab Emirates,,,,,,ChIJvRKrsd9IXj4RpwoIwFYv0zM,15-11-2020,-17,1,-25,-34,-19,9
AE,United Arab Emirates,,,,,,ChIJvRKrsd9IXj4RpwoIwFYv0zM,16-11-2020,-20,-4,-29,-35,-19,9
AE,United Arab Emirates,,,,,,ChIJvRKrsd9IXj4RpwoIwFYv0zM,17-11-2020,-21,-4,-29,-36,-19,9
AE,United Arab Emirates,,,,,,ChIJvRKrsd9IXj4RpwoIwFYv0zM,18-11-2020,-21,-3,-31,-36,-18,9
AE,United Arab Emirates,,,,,,ChIJvRKrsd9IXj4RpwoIwFYv0zM,19-11-2020,-20,-2,-29,-36,-18,9
AE,United Arab Emirates,,,,,,ChIJvRKrsd9IXj4RpwoIwFYv0zM,20-11-2020,-23,-6,-29,-39,-13,7
AE,United Arab Emirates,,,,,,ChIJvRKrsd9IXj4RpwoIwFYv0zM,21-11-2020,-21,-5,-32,-38,-11,7
AE,United Arab Emirates,,,,,,ChIJvRKrsd9IXj4RpwoIwFYv0zM,22-11-2020,-18,-2,-29,-35,-18,9
AE,United Arab Emirates,,,,,,ChIJvRKrsd9IXj4RpwoIwFYv0zM,23-11-2020,-21,-6,-32,-37,-18,9
AE,United Arab Emirates,,,,,,ChIJvRKrsd9IXj4RpwoIwFYv0zM,24-11-2020,-21,-5,-32,-37,-19,9
AE,United Arab Emirates,,,,,,ChIJvRKrsd9IXj4RpwoIwFYv0zM,25-11-2020,-20,-3,-33,-35,-18,9
AE,United Arab Emirates,,,,,,ChIJvRKrsd9IXj4RpwoIwFYv0zM,26-11-2020,-18,0,-30,-33,-18,9
AE,United Arab Emirates,,,,,,ChIJvRKrsd9IXj4RpwoIwFYv0zM,27-11-2020,-20,-3,-30,-35,-11,6
AE,United Arab Emirates,,,,,,ChIJvRKrsd9IXj4RpwoIwFYv0zM,28-11-2020,-17,-1,-32,-35,-10,6
AE,United Arab Emirates,,,,,,ChIJvRKrsd9IXj4RpwoIwFYv0zM,29-11-2020,-13,4,-27,-32,-18,8
AE,United Arab Emirates,,,,,,ChIJvRKrsd9IXj4RpwoIwFYv0zM,30-11-2020,-10,7,-25,-30,-18,6
AE,United Arab Emirates,,,,,,ChIJvRKrsd9IXj4RpwoIwFYv0zM,01-12-2020,-2,19,7,-38,-55,15
AE,United Arab Emirates,,,,,,ChIJvRKrsd9IXj4RpwoIwFYv0zM,02-12-2020,-2,19,31,-39,-64,18
AE,United Arab Emirates,,,,,,ChIJvRKrsd9IXj4RpwoIwFYv0zM,03-12-2020,-14,5,5,-42,-59,19
AE,United Arab Emirates,,,,,,ChIJvRKrsd9IXj4RpwoIwFYv0zM,04-12-2020,-24,-7,-24,-37,-13,6
AE,United Arab Emirates,,,,,,ChIJvRKrsd9IXj4RpwoIwFYv0zM,05-12-2020,-20,-4,-31,-36,-10,6
AE,United Arab Emirates,,,,,,ChIJvRKrsd9IXj4RpwoIwFYv0zM,06-12-2020,-15,2,-27,-32,-17,8
AE,United Arab Emirates,,,,,,ChIJvRKrsd9IXj4RpwoIwFYv0zM,07-12-2020,-17,0,-30,-34,-19,8
AE,United Arab Emirates,,,,,,ChIJvRKrsd9IXj4RpwoIwFYv0zM,08-12-2020,-18,-1,-29,-34,-17,8
AE,United Arab Emirates,,,,,,ChIJvRKrsd9IXj4RpwoIwFYv0zM,09-12-2020,-17,-1,-29,-34,-18,8
AE,United Arab Emirates,,,,,,ChIJvRKrsd9IXj4RpwoIwFYv0zM,10-12-2020,-18,0,-25,-32,-18,9
AE,United Arab Emirates,,,,,,ChIJvRKrsd9IXj4RpwoIwFYv0zM,11-12-2020,-21,-1,-22,-33,-10,6
AE,United Arab Emirates,,,,,,ChIJvRKrsd9IXj4RpwoIwFYv0zM,12-12-2020,-18,-1,-24,-33,-10,6
AE,United Arab Emirates,,,,,,ChIJvRKrsd9IXj4RpwoIwFYv0zM,13-12-2020,-12,3,-17,-30,-20,8
AE,United Arab Emirates,,,,,,ChIJvRKrsd9IXj4RpwoIwFYv0zM,14-12-2020,-15,-1,-22,-32,-20,8
AE,United Arab Emirates,,,,,,ChIJvRKrsd9IXj4RpwoIwFYv0zM,15-12-2020,-15,1,-22,-32,-21,8
AE,United Arab Emirates,,,,,,ChIJvRKrsd9IXj4RpwoIwFYv0zM,16-12-2020,-15,1,-23,-31,-20,8
AE,United Arab Emirates,,,,,,ChIJvRKrsd9IXj4RpwoIwFYv0zM,17-12-2020,-16,1,-22,-30,-20,9
AE,United Arab Emirates,,,,,,ChIJvRKrsd9IXj4RpwoIwFYv0zM,18-12-2020,-19,-1,-20,-30,-10,6
AE,United Arab Emirates,,,,,,ChIJvRKrsd9IXj4RpwoIwFYv0zM,19-12-2020,-17,-2,-22,-31,-10,6
AE,United Arab Emirates,,,,,,ChIJvRKrsd9IXj4RpwoIwFYv0zM,20-12-2020,-11,4,-15,-28,-21,8
AE,United Arab Emirates,,,,,,ChIJvRKrsd9IXj4RpwoIwFYv0zM,21-12-2020,-13,1,-20,-30,-21,8
AE,United Arab Emirates,,,,,,ChIJvRKrsd9IXj4RpwoIwFYv0zM,22-12-2020,-14,1,-21,-32,-22,8
AE,United Arab Emirates,,,,,,ChIJvRKrsd9IXj4RpwoIwFYv0zM,23-12-2020,-12,5,-21,-30,-21,8
AE,United Arab Emirates,,,,,,ChIJvRKrsd9IXj4RpwoIwFYv0zM,24-12-2020,-13,7,-21,-30,-23,9
AE,United Arab Emirates,,,,,,ChIJvRKrsd9IXj4RpwoIwFYv0zM,25-12-2020,-19,-4,-20,-32,-12,5
AE,United Arab Emirates,,,,,,ChIJvRKrsd9IXj4RpwoIwFYv0zM,26-12-2020,-16,-1,-22,-31,-11,5
AE,United Arab Emirates,,,,,,ChIJvRKrsd9IXj4RpwoIwFYv0zM,27-12-2020,-9,5,-16,-29,-22,8
AE,United Arab Emirates,,,,,,ChIJvRKrsd9IXj4RpwoIwFYv0zM,28-12-2020,-10,4,-19,-31,-22,8
AE,United Arab Emirates,,,,,,ChIJvRKrsd9IXj4RpwoIwFYv0zM,29-12-2020,-10,4,-17,-32,-23,8
AE,United Arab Emirates,,,,,,ChIJvRKrsd9IXj4RpwoIwFYv0zM,30-12-2020,-7,9,-18,-29,-21,8
AE,United Arab Emirates,,,,,,ChIJvRKrsd9IXj4RpwoIwFYv0zM,31-12-2020,-10,11,3,-30,-25,10
AE,United Arab Emirates,,,,,,ChIJvRKrsd9IXj4RpwoIwFYv0zM,01-01-2021,-18,-2,-14,-31,-16,5
AE,United Arab Emirates,,,,,,ChIJvRKrsd9IXj4RpwoIwFYv0zM,02-01-2021,-16,2,-24,-32,-11,6
AE,United Arab Emirates,,,,,,ChIJvRKrsd9IXj4RpwoIwFYv0zM,03-01-2021,-12,6,-22,-28,-18,9
AE,United Arab Emirates,,,,,,ChIJvRKrsd9IXj4RpwoIwFYv0zM,04-01-2021,-16,2,-28,-31,-18,9
AE,United Arab Emirates,,,,,,ChIJvRKrsd9IXj4RpwoIwFYv0zM,05-01-2021,-17,1,-28,-32,-18,8
AE,United Arab Emirates,,,,,,ChIJvRKrsd9IXj4RpwoIwFYv0zM,06-01-2021,-16,2,-29,-31,-18,9
AE,United Arab Emirates,,,,,,ChIJvRKrsd9IXj4RpwoIwFYv0zM,07-01-2021,-17,1,-28,-32,-18,10
AE,United Arab Emirates,,,,,,ChIJvRKrsd9IXj4RpwoIwFYv0zM,08-01-2021,-19,0,-25,-32,-11,6
AE,United Arab Emirates,,,,,,ChIJvRKrsd9IXj4RpwoIwFYv0zM,09-01-2021,-17,0,-27,-31,-10,6
AE,United Arab Emirates,,,,,,ChIJvRKrsd9IXj4RpwoIwFYv0zM,10-01-2021,-14,4,-26,-28,-18,8
AE,United Arab Emirates,,,,,,ChIJvRKrsd9IXj4RpwoIwFYv0zM,11-01-2021,-17,1,-29,-31,-18,8
AE,United Arab Emirates,,,,,,ChIJvRKrsd9IXj4RpwoIwFYv0zM,12-01-2021,-18,-1,-29,-33,-19,8
AE,United Arab Emirates,,,,,,ChIJvRKrsd9IXj4RpwoIwFYv0zM,13-01-2021,-18,-1,-31,-34,-20,7
AE,United Arab Emirates,,,,,,ChIJvRKrsd9IXj4RpwoIwFYv0zM,14-01-2021,-19,-3,-28,-34,-23,7
AE,United Arab Emirates,,,,,,ChIJvRKrsd9IXj4RpwoIwFYv0zM,15-01-2021,-22,-6,-22,-36,-19,4
AE,United Arab Emirates,,,,,,ChIJvRKrsd9IXj4RpwoIwFYv0zM,16-01-2021,-21,-7,-29,-36,-18,5
AE,United Arab Emirates,,,,,,ChIJvRKrsd9IXj4RpwoIwFYv0zM,17-01-2021,-18,-3,-28,-34,-24,7
AE,United Arab Emirates,,,,,,ChIJvRKrsd9IXj4RpwoIwFYv0zM,18-01-2021,-21,-6,-31,-36,-24,8
AE,United Arab Emirates,,,,,,ChIJvRKrsd9IXj4RpwoIwFYv0zM,19-01-2021,-22,-7,-30,-37,-25,8
AE,United Arab Emirates,,,,,,ChIJvRKrsd9IXj4RpwoIwFYv0zM,20-01-2021,-22,-6,-31,-35,-24,8
AE,United Arab Emirates,,,,,,ChIJvRKrsd9IXj4RpwoIwFYv0zM,21-01-2021,-22,-6,-29,-35,-24,9
AE,United Arab Emirates,,,,,,ChIJvRKrsd9IXj4RpwoIwFYv0zM,22-01-2021,-24,-7,-24,-37,-17,6
AE,United Arab Emirates,,,,,,ChIJvRKrsd9IXj4RpwoIwFYv0zM,23-01-2021,-22,-7,-32,-36,-16,6
AE,United Arab Emirates,,,,,,ChIJvRKrsd9IXj4RpwoIwFYv0zM,24-01-2021,-19,-3,-28,-34,-23,9
AE,United Arab Emirates,,,,,,ChIJvRKrsd9IXj4RpwoIwFYv0zM,25-01-2021,-22,-6,-31,-35,-24,9
AE,United Arab Emirates,,,,,,ChIJvRKrsd9IXj4RpwoIwFYv0zM,26-01-2021,-21,-6,-31,-36,-25,9
AE,United Arab Emirates,,,,,,ChIJvRKrsd9IXj4RpwoIwFYv0zM,27-01-2021,-20,-3,-32,-35,-24,9
AE,United Arab Emirates,,,,,,ChIJvRKrsd9IXj4RpwoIwFYv0zM,28-01-2021,-18,0,-28,-34,-24,9
AE,United Arab Emirates,,,,,,ChIJvRKrsd9IXj4RpwoIwFYv0zM,29-01-2021,-20,0,-25,-35,-16,5
AE,United Arab Emirates,,,,,,ChIJvRKrsd9IXj4RpwoIwFYv0zM,30-01-2021,-16,1,-29,-34,-15,5
AE,United Arab Emirates,,,,,,ChIJvRKrsd9IXj4RpwoIwFYv0zM,31-01-2021,-14,6,-29,-33,-22,7
AE,United Arab Emirates,,,,,,ChIJvRKrsd9IXj4RpwoIwFYv0zM,01-02-2021,-16,3,-31,-35,-24,8
AE,United Arab Emirates,,,,,,ChIJvRKrsd9IXj4RpwoIwFYv0zM,02-02-2021,-16,3,-30,-36,-24,8
AE,United Arab Emirates,,,,,,ChIJvRKrsd9IXj4RpwoIwFYv0zM,03-02-2021,-19,-2,-33,-38,-24,8
AE,United Arab Emirates,,,,,,ChIJvRKrsd9IXj4RpwoIwFYv0zM,04-02-2021,-21,-3,-31,-38,-25,9
AE,United Arab Emirates,,,,,,ChIJvRKrsd9IXj4RpwoIwFYv0zM,05-02-2021,-23,-3,-26,-38,-18,5
AE,United Arab Emirates,,,,,,ChIJvRKrsd9IXj4RpwoIwFYv0zM,06-02-2021,-21,-4,-30,-38,-16,5
AE,United Arab Emirates,,,,,,ChIJvRKrsd9IXj4RpwoIwFYv0zM,07-02-2021,-18,-2,-29,-37,-24,8
AE,United Arab Emirates,,,,,,ChIJvRKrsd9IXj4RpwoIwFYv0zM,08-02-2021,-19,-3,-32,-37,-25,8
AE,United Arab Emirates,,,,,,ChIJvRKrsd9IXj4RpwoIwFYv0zM,09-02-2021,-18,1,-30,-36,-25,8
AE,United Arab Emirates,,,,,,ChIJvRKrsd9IXj4RpwoIwFYv0zM,10-02-2021,-18,1,-31,-35,-24,8
AE,United Arab Emirates,,,,,,ChIJvRKrsd9IXj4RpwoIwFYv0zM,11-02-2021,-18,1,-28,-35,-24,9
AE,United Arab Emirates,,,,,,ChIJvRKrsd9IXj4RpwoIwFYv0zM,12-02-2021,-20,-1,-24,-35,-16,5
AE,United Arab Emirates,,,,,,ChIJvRKrsd9IXj4RpwoIwFYv0zM,13-02-2021,-16,0,-28,-34,-15,5
AE,United Arab Emirates,,,,,,ChIJvRKrsd9IXj4RpwoIwFYv0zM,14-02-2021,-9,7,-23,-32,-22,8
AE,United Arab Emirates,,,,,,ChIJvRKrsd9IXj4RpwoIwFYv0zM,15-02-2021,-16,1,-29,-34,-24,8
AE,United Arab Emirates,,,,,,ChIJvRKrsd9IXj4RpwoIwFYv0zM,16-02-2021,-16,2,-26,-35,-24,8
AE,United Arab Emirates,,,,,,ChIJvRKrsd9IXj4RpwoIwFYv0zM,17-02-2021,-15,4,-27,-33,-23,8
AE,United Arab Emirates,,,,,,ChIJvRKrsd9IXj4RpwoIwFYv0zM,18-02-2021,-16,4,-24,-32,-23,9
AE,United Arab Emirates,,,,,,ChIJvRKrsd9IXj4RpwoIwFYv0zM,19-02-2021,-19,2,-20,-33,-14,5
AE,United Arab Emirates,,,,,,ChIJvRKrsd9IXj4RpwoIwFYv0zM,20-02-2021,-16,3,-25,-32,-13,5
AE,United Arab Emirates,,,,,,ChIJvRKrsd9IXj4RpwoIwFYv0zM,21-02-2021,-12,6,-23,-30,-21,7
AE,United Arab Emirates,,,,,,ChIJvRKrsd9IXj4RpwoIwFYv0zM,22-02-2021,-16,2,-28,-33,-21,8
AE,United Arab Emirates,,,,,,ChIJvRKrsd9IXj4RpwoIwFYv0zM,23-02-2021,-16,2,-27,-33,-21,8
AE,United Arab Emirates,,,,,,ChIJvRKrsd9IXj4RpwoIwFYv0zM,24-02-2021,-15,3,-28,-33,-21,8
AE,United Arab Emirates,,,,,,ChIJvRKrsd9IXj4RpwoIwFYv0zM,25-02-2021,-13,6,-24,-31,-21,8
AE,United Arab Emirates,,,,,,ChIJvRKrsd9IXj4RpwoIwFYv0zM,26-02-2021,-16,5,-21,-32,-13,5
AE,United Arab Emirates,,,,,,ChIJvRKrsd9IXj4RpwoIwFYv0zM,27-02-2021,-12,8,-25,-30,-12,4
AE,United Arab Emirates,,,,,,ChIJvRKrsd9IXj4RpwoIwFYv0zM,28-02-2021,-8,14,-23,-27,-19,6
AE,United Arab Emirates,,,,,,ChIJvRKrsd9IXj4RpwoIwFYv0zM,01-03-2021,-11,11,-26,-29,-20,7
AE,United Arab Emirates,,,,,,ChIJvRKrsd9IXj4RpwoIwFYv0zM,02-03-2021,-11,12,-25,-30,-21,7
AE,United Arab Emirates,,,,,,ChIJvRKrsd9IXj4RpwoIwFYv0zM,03-03-2021,-11,11,-27,-30,-20,7
AE,United Arab Emirates,,,,,,ChIJvRKrsd9IXj4RpwoIwFYv0zM,04-03-2021,-11,10,-23,-29,-20,8
AE,United Arab Emirates,,,,,,ChIJvRKrsd9IXj4RpwoIwFYv0zM,05-03-2021,-13,9,-20,-29,-13,5
AE,United Arab Emirates,,,,,,ChIJvRKrsd9IXj4RpwoIwFYv0zM,06-03-2021,-11,9,-24,-29,-12,4
AE,United Arab Emirates,,,,,,ChIJvRKrsd9IXj4RpwoIwFYv0zM,07-03-2021,-8,12,-22,-27,-19,7
AE,United Arab Emirates,,,,,,ChIJvRKrsd9IXj4RpwoIwFYv0zM,08-03-2021,-11,8,-26,-30,-20,7
AE,United Arab Emirates,,,,,,ChIJvRKrsd9IXj4RpwoIwFYv0zM,09-03-2021,-12,8,-24,-30,-20,7
AE,United Arab Emirates,,,,,,ChIJvRKrsd9IXj4RpwoIwFYv0zM,10-03-2021,-11,10,-26,-28,-19,7
AE,United Arab Emirates,,,,,,ChIJvRKrsd9IXj4RpwoIwFYv0zM,11-03-2021,-12,10,-22,-27,-19,8
AE,United Arab Emirates,,,,,,ChIJvRKrsd9IXj4RpwoIwFYv0zM,12-03-2021,-13,8,-20,-30,-12,5
AE,United Arab Emirates,,,,,,ChIJvRKrsd9IXj4RpwoIwFYv0zM,13-03-2021,-11,9,-26,-29,-11,4
AE,United Arab Emirates,,,,,,ChIJvRKrsd9IXj4RpwoIwFYv0zM,14-03-2021,-8,13,-21,-26,-18,7
AE,United Arab Emirates,,,,,,ChIJvRKrsd9IXj4RpwoIwFYv0zM,15-03-2021,-11,9,-25,-28,-18,7
AE,United Arab Emirates,,,,,,ChIJvRKrsd9IXj4RpwoIwFYv0zM,16-03-2021,-12,9,-23,-28,-19,7
AE,United Arab Emirates,,,,,,ChIJvRKrsd9IXj4RpwoIwFYv0zM,17-03-2021,-11,10,-25,-27,-17,7
AE,United Arab Emirates,,,,,,ChIJvRKrsd9IXj4RpwoIwFYv0zM,18-03-2021,-11,10,-22,-26,-17,8
AE,United Arab Emirates,,,,,,ChIJvRKrsd9IXj4RpwoIwFYv0zM,19-03-2021,-13,9,-20,-28,-10,5
